epoch,lr,train_loss,train_acc,val_loss,val_acc,val_prec,val_rec,val_f1
1,3.00e-04,0.336774,0.980044,0.300618,0.995248,0.995249,0.995248,0.995247
2,2.93e-04,0.304754,0.994947,0.296459,0.998614,0.998614,0.998614,0.998614
3,2.71e-04,0.299664,0.996816,0.298367,0.996436,0.996437,0.996436,0.996436
4,2.38e-04,0.299167,0.996518,0.297293,0.997822,0.997823,0.997822,0.997822
5,1.97e-04,0.295898,0.998174,0.296904,0.998218,0.998219,0.998218,0.998218
6,1.50e-04,0.293717,0.999023,0.293801,0.998416,0.998419,0.998416,0.998416
7,1.04e-04,0.292713,0.999490,0.295145,0.998416,0.998417,0.998416,0.998416
8,6.26e-05,0.292229,0.999745,0.294281,0.998812,0.998812,0.998812,0.998812
9,2.96e-05,0.292022,0.999703,0.294121,0.998812,0.998812,0.998812,0.998812
10,8.32e-06,0.292219,0.999533,0.293399,0.999010,0.999010,0.999010,0.999010
11,3.00e-04,0.314096,0.989428,0.302567,0.995248,0.995253,0.995248,0.995248
12,2.93e-04,0.298467,0.996900,0.300144,0.996238,0.996237,0.996238,0.996236
13,2.71e-04,0.296621,0.997622,0.296350,0.997822,0.997824,0.997822,0.997822
14,2.38e-04,0.295566,0.997919,0.295004,0.998218,0.998219,0.998218,0.998217
15,1.97e-04,0.293423,0.999066,0.294229,0.998812,0.998815,0.998812,0.998812
16,1.50e-04,0.292908,0.999151,0.294654,0.998416,0.998419,0.998416,0.998416
17,1.04e-04,0.292029,0.999703,0.292889,0.999406,0.999406,0.999406,0.999406
18,6.26e-05,0.291713,0.999703,0.293403,0.999010,0.999010,0.999010,0.999010
19,2.96e-05,0.291607,0.999745,0.293176,0.999208,0.999208,0.999208,0.999208
20,8.32e-06,0.291688,0.999660,0.293162,0.999208,0.999208,0.999208,0.999208
21,3.00e-04,0.306348,0.993801,0.297009,0.997228,0.997228,0.997228,0.997228
22,2.93e-04,0.297442,0.997580,0.295871,0.998218,0.998219,0.998218,0.998218
23,2.71e-04,0.296167,0.997665,0.296606,0.997624,0.997632,0.997624,0.997625
24,2.38e-04,0.293976,0.998684,0.294772,0.998020,0.998023,0.998020,0.998019
25,1.97e-04,0.292975,0.999278,0.294152,0.998812,0.998812,0.998812,0.998812
